[
    {
        "model": "bin_packages.package",
        "pk": 1,
        "fields": {
            "name": "package1"
        }
    },
    {
        "model": "bin_packages.package",
        "pk": 2,
        "fields": {
            "name": "package2"
        }
    },
    {
        "model": "bin_packages.package",
        "pk": 3,
        "fields": {
            "name": "package3"
        }
    },
    {
        "model": "bin_packages.package",
        "pk": 4,
        "fields": {
            "name": "package3-dev"
        }
    },
    {
        "model": "bin_packages.packageversion",
        "pk": 1,
        "fields": {
            "package": 1,
            "version": "1.0.0-1",
            "os": 1,
            "src_package_version": 1,
            "created": "2017-11-27T22:10:09.525Z",
            "modified": "2017-11-27T22:10:09.526Z"
        }
    },
    {
        "model": "bin_packages.packageversion",
        "pk": 2,
        "fields": {
            "package": 2,
            "version": "2.0.0-1",
            "os": 1,
            "src_package_version": 2,
            "created": "2017-11-27T22:10:09.550Z",
            "modified": "2017-11-27T22:10:09.550Z"
        }
    },
    {
        "model": "bin_packages.packageversion",
        "pk": 3,
        "fields": {
            "package": 3,
            "version": "3.0.0-1",
            "os": 1,
            "src_package_version": 3,
            "created": "2017-11-27T22:10:09.566Z",
            "modified": "2017-11-27T22:10:09.566Z"
        }
    },
    {
        "model": "bin_packages.packageversion",
        "pk": 4,
        "fields": {
            "package": 4,
            "version": "3.0.0-1",
            "os": 1,
            "src_package_version": 3,
            "created": "2017-11-27T22:10:09.600Z",
            "modified": "2017-11-27T22:10:09.600Z"
        }
    },
    {
        "model": "bin_packages.packageversion",
        "pk": 5,
        "fields": {
            "package": 1,
            "version": "1.0.0-2",
            "os": 1,
            "src_package_version": 4,
            "created": "2017-11-27T22:10:09.616Z",
            "modified": "2017-11-27T22:10:09.616Z"
        }
    },
    {
        "model": "bin_packages.packageversion",
        "pk": 6,
        "fields": {
            "package": 2,
            "version": "2.0.1-1",
            "os": 1,
            "src_package_version": 5,
            "created": "2017-11-27T22:10:09.631Z",
            "modified": "2017-11-27T22:10:09.631Z"
        }
    },
    {
        "model": "hosts.host",
        "pk": 1,
        "fields": {
            "name": "host1.example.com",
            "os": 1,
            "kernel": 1,
            "created": "2017-11-27T22:10:09.483Z",
            "modified": "2018-06-26T16:46:33.213Z"
        }
    },
    {
        "model": "hosts.host",
        "pk": 2,
        "fields": {
            "name": "host2.example.com",
            "os": 1,
            "kernel": 1,
            "created": "2017-11-27T22:12:14.016Z",
            "modified": "2018-06-26T16:46:33.213Z"
        }
    },
    {
        "model": "hosts.host",
        "pk": 3,
        "fields": {
            "name": "host3.example.com",
            "os": 1,
            "kernel": 1,
            "created": "2017-11-27T22:16:29.156Z",
            "modified": "2018-06-26T16:46:33.213Z"
        }
    },
    {
        "model": "hosts.hostpackage",
        "pk": 1,
        "fields": {
            "host": 1,
            "package": 1,
            "package_version": 1,
            "upgradable_package": 1,
            "upgradable_version": 5,
            "upgrade_type": "",
            "created": "2017-11-27T22:10:09.529Z",
            "modified": "2017-11-27T22:10:09.618Z"
        }
    },
    {
        "model": "hosts.hostpackage",
        "pk": 2,
        "fields": {
            "host": 1,
            "package": 2,
            "package_version": 2,
            "upgradable_package": 2,
            "upgradable_version": 6,
            "upgrade_type": "security",
            "created": "2017-11-27T22:10:09.552Z",
            "modified": "2017-11-27T22:10:09.634Z"
        }
    },
    {
        "model": "hosts.hostpackage",
        "pk": 3,
        "fields": {
            "host": 1,
            "package": 3,
            "package_version": 3,
            "upgradable_package": null,
            "upgradable_version": null,
            "upgrade_type": null,
            "created": "2017-11-27T22:10:09.568Z",
            "modified": "2017-11-27T22:10:09.568Z"
        }
    },
    {
        "model": "hosts.hostpackage",
        "pk": 4,
        "fields": {
            "host": 1,
            "package": 4,
            "package_version": 4,
            "upgradable_package": null,
            "upgradable_version": null,
            "upgrade_type": null,
            "created": "2017-11-27T22:10:09.604Z",
            "modified": "2017-11-27T22:10:09.604Z"
        }
    },
    {
        "model": "hosts.hostpackage",
        "pk": 5,
        "fields": {
            "host": 2,
            "package": 1,
            "package_version": 5,
            "upgradable_package": null,
            "upgradable_version": null,
            "upgrade_type": null,
            "created": "2017-11-27T22:12:14.032Z",
            "modified": "2017-11-27T22:12:14.032Z"
        }
    },
    {
        "model": "hosts.hostpackage",
        "pk": 6,
        "fields": {
            "host": 2,
            "package": 2,
            "package_version": 2,
            "upgradable_package": 2,
            "upgradable_version": 6,
            "upgrade_type": "security",
            "created": "2017-11-27T22:12:14.050Z",
            "modified": "2017-11-27T22:12:14.107Z"
        }
    },
    {
        "model": "hosts.hostpackage",
        "pk": 7,
        "fields": {
            "host": 2,
            "package": 3,
            "package_version": 3,
            "upgradable_package": null,
            "upgradable_version": null,
            "upgrade_type": null,
            "created": "2017-11-27T22:12:14.071Z",
            "modified": "2017-11-27T22:12:14.071Z"
        }
    },
    {
        "model": "hosts.hostpackage",
        "pk": 8,
        "fields": {
            "host": 2,
            "package": 4,
            "package_version": 4,
            "upgradable_package": null,
            "upgradable_version": null,
            "upgrade_type": null,
            "created": "2017-11-27T22:12:14.099Z",
            "modified": "2017-11-27T22:12:14.099Z"
        }
    },
    {
        "model": "hosts.hostpackage",
        "pk": 9,
        "fields": {
            "host": 3,
            "package": 1,
            "package_version": 1,
            "upgradable_package": 1,
            "upgradable_version": 5,
            "upgrade_type": "",
            "created": "2017-11-27T22:16:29.177Z",
            "modified": "2017-11-27T22:16:29.242Z"
        }
    },
    {
        "model": "hosts.hostpackage",
        "pk": 10,
        "fields": {
            "host": 3,
            "package": 2,
            "package_version": 2,
            "upgradable_package": 2,
            "upgradable_version": 6,
            "upgrade_type": "security",
            "created": "2017-11-27T22:16:29.200Z",
            "modified": "2017-11-27T22:16:29.273Z"
        }
    },
    {
        "model": "hosts.hostpackage",
        "pk": 11,
        "fields": {
            "host": 3,
            "package": 3,
            "package_version": 3,
            "upgradable_package": null,
            "upgradable_version": null,
            "upgrade_type": null,
            "created": "2017-11-27T22:16:29.211Z",
            "modified": "2017-11-27T22:16:29.211Z"
        }
    },
    {
        "model": "hosts.hostpackage",
        "pk": 12,
        "fields": {
            "host": 3,
            "package": 4,
            "package_version": 4,
            "upgradable_package": null,
            "upgradable_version": null,
            "upgrade_type": null,
            "created": "2017-11-27T22:16:29.228Z",
            "modified": "2017-11-27T22:16:29.228Z"
        }
    },
    {
        "model": "src_packages.os",
        "pk": 1,
        "fields": {
            "name": "Debian 11"
        }
    },
    {
        "model": "src_packages.os",
        "pk": 2,
        "fields": {
            "name": "Ubuntu 24.04"
        }
    },
    {
        "model": "src_packages.srcpackage",
        "pk": 1,
        "fields": {
            "name": "package1"
        }
    },
    {
        "model": "src_packages.srcpackage",
        "pk": 2,
        "fields": {
            "name": "package2"
        }
    },
    {
        "model": "src_packages.srcpackage",
        "pk": 3,
        "fields": {
            "name": "package3"
        }
    },
    {
        "model": "src_packages.srcpackageversion",
        "pk": 1,
        "fields": {
            "src_package": 1,
            "version": "1.0.0-1",
            "os": 1,
            "created": "2017-11-27T22:10:09.508Z",
            "modified": "2017-11-27T22:10:09.508Z"
        }
    },
    {
        "model": "src_packages.srcpackageversion",
        "pk": 2,
        "fields": {
            "src_package": 2,
            "version": "2.0.0-1",
            "os": 1,
            "created": "2017-11-27T22:10:09.545Z",
            "modified": "2017-11-27T22:10:09.545Z"
        }
    },
    {
        "model": "src_packages.srcpackageversion",
        "pk": 3,
        "fields": {
            "src_package": 3,
            "version": "3.0.0-1",
            "os": 1,
            "created": "2017-11-27T22:10:09.562Z",
            "modified": "2017-11-27T22:10:09.562Z"
        }
    },
    {
        "model": "src_packages.srcpackageversion",
        "pk": 4,
        "fields": {
            "src_package": 1,
            "version": "1.0.0-2",
            "os": 1,
            "created": "2017-11-27T22:10:09.610Z",
            "modified": "2017-11-27T22:10:09.611Z"
        }
    },
    {
        "model": "src_packages.srcpackageversion",
        "pk": 5,
        "fields": {
            "src_package": 2,
            "version": "2.0.1-1",
            "os": 1,
            "created": "2017-11-27T22:10:09.625Z",
            "modified": "2017-11-27T22:10:09.625Z"
        }
    },
    {
        "model": "src_packages.srcpackageversion",
        "pk": 6,
        "fields": {
            "src_package": 4,
            "version": "1.2.3-5",
            "os": 1,
            "created": "2017-11-27T22:10:09.625Z",
            "modified": "2017-11-27T22:10:09.625Z"
        }
    },
    {
        "model": "src_packages.srcpackageversion",
        "pk": 7,
        "fields": {
            "src_package": 4,
            "version": "1.2.3-4",
            "os": 1,
            "created": "2017-11-27T22:10:09.625Z",
            "modified": "2017-11-27T22:10:09.625Z"
        }
    },
    {
        "model": "kernels.kernelversion",
        "pk": 1,
        "fields": {
            "name": "os1-100-1",
            "slug": "os1-100-1",
            "os": 1,
            "created": "2018-06-26T16:46:19.832Z",
            "modified": "2018-06-26T16:46:19.832Z"
        }
    },
    {
        "model": "images.image",
        "pk": 1,
        "fields": {
            "name": "registry.example.com/component/image-name:1.2.3-1",
            "os": 1,
            "created": "2019-10-19T14:10:09.483Z",
            "modified": "2019-10-19T14:10:09.483Z"
        }
    },
    {
        "model": "images.image",
        "pk": 2,
        "fields": {
            "name": "mathoid",
            "os": 1,
            "created": "2019-10-19T14:10:09.483Z",
            "modified": "2019-10-19T14:10:09.483Z"
        }
    },
    {
        "model": "src_packages.srcpackage",
        "pk": 4,
        "fields": {
            "name": "nodejs"
        }
    },
    {
        "model": "bin_packages.package",
        "pk": 5,
        "fields": {
            "name": "nodejs"
        }
    },
    {
        "model": "bin_packages.package",
        "pk": 6,
        "fields": {
            "name": "gcc-9"
        }
    },
    {
        "model": "bin_packages.packageversion",
        "pk": 7,
        "fields": {
            "package": 5,
            "version": "1.2.3-4",
            "os": 1,
            "src_package_version": 7,
            "created": "2017-11-27T22:10:09.525Z",
            "modified": "2017-11-27T22:10:09.526Z"
        }
    },
    {
        "model": "bin_packages.packageversion",
        "pk": 8,
        "fields": {
            "package": 6,
            "version": "9.0.0-1",
            "os": 1,
            "src_package_version": 5,
            "created": "2017-11-27T22:10:09.525Z",
            "modified": "2017-11-27T22:10:09.526Z"
        }
    },
    {
        "model": "bin_packages.packageversion",
        "pk": 9,
        "fields": {
            "package": 5,
            "version": "1.2.3-5",
            "os": 1,
            "src_package_version": 6,
            "created": "2017-11-27T22:10:09.525Z",
            "modified": "2017-11-27T22:10:09.526Z"
        }
    },
    {
        "model": "images.imagepackage",
        "pk": 1,
        "fields": {
            "image": 1,
            "package": 5,
            "package_version": 7,
            "upgradable_imagepackage": 5,
            "upgradable_imageversion": 9,
            "upgrade_type": "security",
            "created": "2017-11-27T22:10:09.529Z",
            "modified": "2017-11-27T22:10:09.618Z"
        }
    },
    {
        "model": "images.imagepackage",
        "pk": 2,
        "fields": {
            "image": 1,
            "package": 6,
            "package_version": 8,
            "upgradable_imagepackage": null,
            "upgradable_imageversion": null,
            "created": "2017-11-27T22:10:09.529Z",
            "modified": "2017-11-27T22:10:09.618Z"
        }
    },
    {
        "model": "images.imagepackage",
        "pk": 3,
        "fields": {
            "image": 2,
            "package": 5,
            "package_version": 9,
            "upgradable_imagepackage": null,
            "upgradable_imageversion": null,
            "created": "2017-11-27T22:10:09.529Z",
            "modified": "2017-11-27T22:10:09.618Z"
        }
    }
]
